{
  "hash": "cd12ab8d",
  "configHash": "3af8cb48",
  "lockfileHash": "042a39ea",
  "browserHash": "ea108458",
  "optimized": {
    "@angular/common": {
      "src": "../../../../../../node_modules/@angular/common/fesm2022/common.mjs",
      "file": "@angular_common.js",
      "fileHash": "a2a16f0e",
      "needsInterop": false
    },
    "@angular/common/http": {
      "src": "../../../../../../node_modules/@angular/common/fesm2022/http.mjs",
      "file": "@angular_common_http.js",
      "fileHash": "9ae3916f",
      "needsInterop": false
    },
    "@angular/core": {
      "src": "../../../../../../node_modules/@angular/core/fesm2022/core.mjs",
      "file": "@angular_core.js",
      "fileHash": "4f2381e4",
      "needsInterop": false
    },
    "@angular/forms": {
      "src": "../../../../../../node_modules/@angular/forms/fesm2022/forms.mjs",
      "file": "@angular_forms.js",
      "fileHash": "a50cd47c",
      "needsInterop": false
    },
    "@angular/platform-browser": {
      "src": "../../../../../../node_modules/@angular/platform-browser/fesm2022/platform-browser.mjs",
      "file": "@angular_platform-browser.js",
      "fileHash": "5a3e4b43",
      "needsInterop": false
    },
    "@angular/router": {
      "src": "../../../../../../node_modules/@angular/router/fesm2022/router.mjs",
      "file": "@angular_router.js",
      "fileHash": "a2bcbaee",
      "needsInterop": false
    },
    "@google/genai": {
      "src": "../../../../../../node_modules/@google/genai/dist/web/index.mjs",
      "file": "@google_genai.js",
      "fileHash": "3554ed38",
      "needsInterop": false
    },
    "rxjs": {
      "src": "../../../../../../node_modules/rxjs/dist/esm5/index.js",
      "file": "rxjs.js",
      "fileHash": "4cf25e2f",
      "needsInterop": false
    },
    "rxjs/operators": {
      "src": "../../../../../../node_modules/rxjs/dist/esm5/operators/index.js",
      "file": "rxjs_operators.js",
      "fileHash": "f7e6078f",
      "needsInterop": false
    }
  },
  "chunks": {
    "chunk-HKFMDG55": {
      "file": "chunk-HKFMDG55.js"
    },
    "chunk-7I7K3DXQ": {
      "file": "chunk-7I7K3DXQ.js"
    },
    "chunk-D5UBLZ4F": {
      "file": "chunk-D5UBLZ4F.js"
    },
    "chunk-XS3VF2GZ": {
      "file": "chunk-XS3VF2GZ.js"
    },
    "chunk-AOY7XDJX": {
      "file": "chunk-AOY7XDJX.js"
    },
    "chunk-H4MZV6UN": {
      "file": "chunk-H4MZV6UN.js"
    },
    "chunk-ZQGNKPNF": {
      "file": "chunk-ZQGNKPNF.js"
    },
    "chunk-45LJS6GN": {
      "file": "chunk-45LJS6GN.js"
    },
    "chunk-GOMI4DH3": {
      "file": "chunk-GOMI4DH3.js"
    }
  }
}